aid;Actor.type;Adaptation.role.stage
11159627;Civil society (sub-national or local);Awareness raising
11159627;Civil society (sub-national or local);Financing of measures
11159627;Other;Awareness raising
11159627;Private sector (SME);Implementing
11159627;Private sector (SME);Financing of measures
11159628;Government (national);Financing of measures
11159628;Government (national);Other
11159629;Civil society (international/multinational/national);Coordinating interaction
11159629;Civil society (international/multinational/national);Monitoring and evaluating
11159629;Civil society (international/multinational/national);Planning
11159629;Government (local);Assessing
11159629;Government (local);Implementing
11159629;Government (local);Planning
11159630;Other;Planning
11159630;Other;Implementing
11159631;Government (sub-national);Financing of measures
11159631;Government (sub-national);Assessing
11159633;Government (sub-national);Planning
11159634;Private sector (corporations);Assessing
11159634;Private sector (corporations);Financing of measures
11159634;Private sector (corporations);Implementing
11159643;Individuals or households;Implementing
11159645;Private sector (SME);Financing of measures
11159645;Private sector (SME);Implementing
11159646;Government (national);Financing of measures
11159646;Civil society (sub-national or local);Implementing
11159646;Civil society (international/multinational/national);Implementing
11159649;Civil society (sub-national or local);Coordinating interaction
11159649;Civil society (sub-national or local);Implementing
11159649;Individuals or households;Implementing
11159649;Individuals or households;Monitoring and evaluating
11159649;Government (national);Implementing
11159651;Civil society (sub-national or local);Implementing
11159651;Individuals or households;Implementing
11159653;Civil society (sub-national or local);Financing of measures
11159653;Government (national);Implementing
11159653;Government (national);Assessing
11159654;Individuals or households;Implementing
11159654;Government (local);Implementing
11159654;Government (local);Financing of measures
11159654;Academia;Implementing
11159657;Civil society (sub-national or local);Implementing
11159657;Civil society (sub-national or local);Coordinating interaction
11159659;Government (local);Planning
11159659;Government (local);Implementing
11159659;Government (local);Financing of measures
11159659;Government (local);Coordinating interaction
11159659;Civil society (international/multinational/national);Implementing
11159661;Private sector (SME);Implementing
11159661;Private sector (SME);Planning
11159661;International or multinational governance institutions;Financing of measures
11159664;Government (local);Implementing
11159664;Civil society (sub-national or local);Implementing
11159665;Government (national);Implementing
11159665;Government (national);Financing of measures
11159943;Government (local);Implementing
11159944;Private sector (corporations);Financing of measures
11159945;Government (local);Awareness raising
11159945;Government (national);Financing of measures
11159947;Private sector (SME);Implementing
11159947;Private sector (SME);Planning
11159948;Individuals or households;Implementing
11159949;Individuals or households;Implementing
11159951;Civil society (international/multinational/national);Financing of measures
11159951;Civil society (international/multinational/national);Implementing
11159951;Civil society (international/multinational/national);Awareness raising
11159951;Government (national);Awareness raising
11159951;Government (national);Implementing
11159953;Government (sub-national);Awareness raising
11159957;Government (national);Assessing
11159957;Government (national);Planning
11159957;Government (national);Implementing
11159961;Government (sub-national);Awareness raising
11159961;Government (sub-national);Implementing
11159961;Government (sub-national);Financing of measures
11159972;Government (national);Financing of measures
11159973;Civil society (international/multinational/national);Coordinating interaction
11159973;Civil society (international/multinational/national);Assessing
11159973;Civil society (international/multinational/national);Awareness raising
11159973;Private sector (SME);Implementing
11159974;International or multinational governance institutions;Implementing
11159974;Civil society (sub-national or local);Coordinating interaction
11159974;Civil society (sub-national or local);Planning
11159974;Civil society (sub-national or local);Implementing
11159974;Government (national);Planning
11159974;Government (national);Implementing
11159977;Civil society (sub-national or local);Awareness raising
11159981;Civil society (sub-national or local);Awareness raising
11159982;Private sector (corporations);Awareness raising
11159982;Private sector (corporations);Implementing
11159982;Private sector (corporations);Financing of measures
11159982;Government (national);Awareness raising
11159983;Individuals or households;Implementing
11159983;Academia;Awareness raising
11159984;Civil society (sub-national or local);Financing of measures
11159985;Government (local);Coordinating interaction
11159989;Academia;Coordinating interaction
11159990;Civil society (international/multinational/national);Awareness raising
11159990;Civil society (international/multinational/national);Coordinating interaction
11159990;Government (local);Financing of measures
11159991;Government (national);Financing of measures
11159993;Individuals or households;Implementing
11159994;Individuals or households;Implementing
11159997;Government (local);Assessing
11159997;Government (local);Planning
11159997;Government (local);Coordinating interaction
11159999;Government (national);Planning
11160001;Private sector (SME);Implementing
11160001;Private sector (SME);Financing of measures
11160001;Government (local);Assessing
11160001;Government (local);Monitoring and evaluating
11160001;Government (local);Planning
11160001;Government (local);Coordinating interaction
11160004;Private sector (SME);Financing of measures
11160004;Civil society (sub-national or local);Coordinating interaction
11160006;Government (national);Planning
11160009;Civil society (sub-national or local);Awareness raising
11160009;Civil society (sub-national or local);Financing of measures
11160009;Civil society (sub-national or local);Implementing
11160009;Civil society (sub-national or local);Coordinating interaction
11160010;Civil society (sub-national or local);Implementing
11160011;Academia;Assessing
11160012;Individuals or households;Implementing
11160012;Civil society (sub-national or local);Implementing
11160012;International or multinational governance institutions;Financing of measures
11160013;Government (local);Awareness raising
11160013;Government (local);Planning
11160013;Government (local);Coordinating interaction
11160013;Government (local);Financing of measures
11160013;Civil society (sub-national or local);Awareness raising
11160013;Civil society (sub-national or local);Implementing
11160013;Civil society (sub-national or local);Coordinating interaction
11160013;Other;Financing of measures
11160014;Government (national);Planning
11160014;Government (national);Coordinating interaction
11160014;Academia;Implementing
11160014;Civil society (international/multinational/national);Implementing
11160015;Government (national);Implementing
11160015;Government (national);Planning
11160021;Government (local);Awareness raising
11160021;Government (local);Implementing
11160021;Government (local);Monitoring and evaluating
11160021;Government (local);Coordinating interaction
11160021;Individuals or households;Implementing
11160029;International or multinational governance institutions;Financing of measures
11160029;Government (national);Financing of measures
11160029;Civil society (international/multinational/national);Financing of measures
11160030;Government (national);Financing of measures
11160030;Government (national);Awareness raising
11160030;Government (national);Implementing
11160030;Private sector (SME);Implementing
11160030;Government (sub-national);Financing of measures
11160030;Government (sub-national);Implementing
11160030;Government (sub-national);Coordinating interaction
11160032;Individuals or households;Implementing
11160032;Individuals or households;Financing of measures
11160033;Government (sub-national);Awareness raising
11160033;Government (national);Assessing
11160035;Individuals or households;Implementing
11160037;Government (national);Financing of measures
11160037;Government (national);Implementing
11160041;Individuals or households;Implementing
11160042;Civil society (sub-national or local);Coordinating interaction
11160043;Academia;Assessing
11160044;Government (sub-national);Awareness raising
11160044;Private sector (SME);Implementing
11160045;Government (local);Awareness raising
11160045;Private sector (SME);Implementing
11160045;Private sector (SME);Financing of measures
11160045;Civil society (sub-national or local);Awareness raising
11160045;Civil society (sub-national or local);Financing of measures
11160047;Government (national);Assessing
11160047;Government (national);Implementing
11160047;Government (national);Planning
11160048;Government (national);Awareness raising
11160048;Civil society (international/multinational/national);Implementing
11160051;International or multinational governance institutions;Financing of measures
11160051;Civil society (sub-national or local);Planning
11160051;Civil society (sub-national or local);Implementing
11160053;Government (sub-national);Planning
11160053;Government (sub-national);Financing of measures
11160053;Government (local);Implementing
11160053;Government (local);Coordinating interaction
11160053;Government (local);Planning
11160054;Civil society (sub-national or local);Planning
11160054;Civil society (sub-national or local);Assessing
11160055;Government (local);Financing of measures
11160055;Government (local);Coordinating interaction
11160055;Government (local);Planning
11160057;Civil society (sub-national or local);Implementing
11160057;Individuals or households;Implementing
11160057;Private sector (SME);Implementing
11160057;Government (local);Planning
11160057;Government (local);Implementing
11160057;Government (local);Financing of measures
11160059;Private sector (SME);Planning
11160059;Private sector (SME);Implementing
11160060;Government (local);Planning
11160060;Government (local);Implementing
11160061;Individuals or households;Financing of measures
11160061;Individuals or households;Implementing
11160061;Private sector (corporations);Financing of measures
11160066;Government (sub-national);Coordinating interaction
11160066;Government (sub-national);Implementing
11160066;Government (sub-national);Awareness raising
11160066;Government (sub-national);Assessing
11160066;Government (sub-national);Planning
11160066;Private sector (corporations);Coordinating interaction
11160066;Private sector (corporations);Implementing
11160072;Government (sub-national);Financing of measures
11160072;Government (sub-national);Coordinating interaction
11160072;Civil society (international/multinational/national);Financing of measures
11160072;Civil society (international/multinational/national);Implementing
11160072;Government (local);Financing of measures
11160072;Government (local);Implementing
11160073;Civil society (international/multinational/national);Financing of measures
11160074;Government (national);Planning
11160074;Government (national);Assessing
11160078;Government (sub-national);Awareness raising
11160078;Government (sub-national);Financing of measures
11160078;Government (sub-national);Implementing
11160078;Civil society (sub-national or local);Awareness raising
11160078;Civil society (sub-national or local);Financing of measures
11160078;Government (local);Implementing
11160079;Civil society (sub-national or local);Awareness raising
11160079;Government (sub-national);Awareness raising
11160079;Other;Awareness raising
11160080;Individuals or households;Financing of measures
11160080;Individuals or households;Implementing
11160080;Individuals or households;Coordinating interaction
11160082;Civil society (sub-national or local);Awareness raising
11160084;Government (national);Awareness raising
11160084;Government (national);Monitoring and evaluating
11160084;Government (national);Coordinating interaction
11160086;Government (national);Implementing
11160089;International or multinational governance institutions;Financing of measures
11160089;Private sector (SME);Financing of measures
11160089;Private sector (SME);Planning
11160093;Civil society (sub-national or local);Planning
11160093;Civil society (sub-national or local);Implementing
11160093;Civil society (sub-national or local);Coordinating interaction
11160093;Individuals or households;Implementing
11160094;Government (sub-national);Implementing
11160094;Government (sub-national);Assessing
11160094;Government (sub-national);Coordinating interaction
11160094;Individuals or households;Implementing
11160095;Government (national);Financing of measures
11160095;Government (national);Monitoring and evaluating
11160096;Academia;Coordinating interaction
11160096;Academia;Awareness raising
11160097;Civil society (sub-national or local);Financing of measures
11160097;Civil society (sub-national or local);Implementing
11160098;Government (local);Financing of measures
11160098;Government (local);Monitoring and evaluating
11160098;Government (national);Planning
11160098;Government (national);Financing of measures
11160098;Government (national);Monitoring and evaluating
11160099;Academia;Monitoring and evaluating
11160099;Government (national);Implementing
11160099;Civil society (international/multinational/national);Financing of measures
11160100;Academia;Other
11160103;Government (national);Awareness raising
11160103;Government (national);Financing of measures
11160103;Private sector (SME);Financing of measures
11160104;Individuals or households;Implementing
11160105;Individuals or households;Implementing
11160106;Civil society (international/multinational/national);Planning
11160106;Civil society (international/multinational/national);Implementing
11160106;Individuals or households;Implementing
11160107;Individuals or households;Implementing
11160107;Government (local);Coordinating interaction
11160107;Private sector (SME);Financing of measures
11160107;Private sector (SME);Implementing
11160109;Government (local);Implementing
11160109;Government (local);Financing of measures
11160109;Academia;Monitoring and evaluating
11160109;Government (sub-national);Implementing
11160109;Government (sub-national);Financing of measures
11160109;Government (national);Implementing
11160109;Government (national);Financing of measures
11160111;Individuals or households;Financing of measures
11160111;Individuals or households;Planning
11160111;Individuals or households;Implementing
11160117;Government (national);Financing of measures
11160117;Government (national);Planning
11160117;Government (national);Implementing
11160119;Individuals or households;Implementing
11160119;Individuals or households;Financing of measures
11160119;Individuals or households;Planning
11160123;Individuals or households;Implementing
11160123;Civil society (sub-national or local);Awareness raising
11160123;Civil society (sub-national or local);Implementing
11160123;International or multinational governance institutions;Financing of measures
11160124;Private sector (SME);Implementing
11160125;Private sector (SME);Implementing
11160128;Individuals or households;Implementing
11160128;Individuals or households;Coordinating interaction
11160128;Government (local);Implementing
11160128;Government (local);Planning
11160130;Private sector (corporations);Financing of measures
11160130;Civil society (sub-national or local);Financing of measures
11160135;Government (national);Financing of measures
11160135;Government (national);Coordinating interaction
11160135;International or multinational governance institutions;Assessing
11160136;Government (local);Implementing
11160136;Government (local);Assessing
11160136;Government (local);Planning
11160136;Civil society (sub-national or local);Implementing
11160136;International or multinational governance institutions;Financing of measures
11160137;Individuals or households;Implementing
11160139;Academia;Awareness raising
11160139;Academia;Monitoring and evaluating
11160140;Government (local);Planning
11160142;Academia;Assessing
11160142;Academia;Awareness raising
11160142;International or multinational governance institutions;Financing of measures
11160143;Individuals or households;Implementing
11160145;Private sector (SME);Awareness raising
11160145;Government (local);Awareness raising
11160146;Individuals or households;Implementing
11160146;Government (local);Awareness raising
11160147;Civil society (international/multinational/national);Implementing
11160147;Civil society (international/multinational/national);Financing of measures
11160147;Government (national);Implementing
11160155;Civil society (sub-national or local);Implementing
11160155;Civil society (sub-national or local);Coordinating interaction
11160155;Civil society (sub-national or local);Planning
11160155;Civil society (sub-national or local);Monitoring and evaluating
11160155;Government (sub-national);Planning
11160155;Government (sub-national);Monitoring and evaluating
11160155;International or multinational governance institutions;Coordinating interaction
11160155;International or multinational governance institutions;Financing of measures
11160155;International or multinational governance institutions;Awareness raising
11160155;Individuals or households;Implementing
11160155;Individuals or households;Coordinating interaction
11160156;Individuals or households;Implementing
11160156;Government (national);Financing of measures
11160157;Civil society (sub-national or local);Assessing
11160157;Civil society (sub-national or local);Planning
11160157;Civil society (sub-national or local);Implementing
11160157;Government (national);Financing of measures
11160159;Government (national);Implementing
11160159;Government (national);Financing of measures
11160162;Government (local);Financing of measures
11160163;Civil society (sub-national or local);Coordinating interaction
11160163;Civil society (sub-national or local);Implementing
11160164;Government (national);Implementing
11160164;Government (national);Planning
11160164;Government (sub-national);Implementing
11160164;Government (sub-national);Planning
11160164;Government (local);Implementing
11160164;Government (local);Planning
11160165;Government (national);Planning
11160165;Government (local);Financing of measures
11160167;Civil society (sub-national or local);Awareness raising
11160167;Civil society (sub-national or local);Coordinating interaction
11160171;Individuals or households;Implementing
11160176;Private sector (SME);Implementing
11160176;Private sector (SME);Financing of measures
11160178;Individuals or households;Implementing
11160183;Civil society (sub-national or local);Coordinating interaction
11160184;Civil society (sub-national or local);Implementing
11160184;Civil society (sub-national or local);Awareness raising
11160184;International or multinational governance institutions;Financing of measures
11160185;Government (local);Awareness raising
11160186;Academia;Awareness raising
11160186;Civil society (sub-national or local);Awareness raising
11160186;Individuals or households;Implementing
11160189;Individuals or households;Implementing
11160189;Individuals or households;Financing of measures
11160194;Government (national);Implementing
11160194;Government (national);Financing of measures
11160196;Private sector (SME);Financing of measures
11160199;Government (sub-national);Financing of measures
11160199;Government (sub-national);Coordinating interaction
11160199;Government (national);Implementing
11160199;Government (local);Coordinating interaction
11160200;Civil society (sub-national or local);Coordinating interaction
11160200;Civil society (sub-national or local);Implementing
11160201;Academia;Planning
11160204;Government (national);Awareness raising
11160204;Government (national);Assessing
11160205;Individuals or households;Implementing
11160205;Other;Financing of measures
11160205;Other;Assessing
11160205;Other;Implementing
11160208;Academia;Monitoring and evaluating
11160208;Private sector (SME);Implementing
11160210;Government (local);Awareness raising
11160210;Academia;Awareness raising
11160211;Academia;Assessing
11160211;Individuals or households;Implementing
11160212;Individuals or households;Planning
11160212;Individuals or households;Implementing
11160213;Government (national);Awareness raising
11160213;Civil society (sub-national or local);Awareness raising
11160216;Individuals or households;Implementing
11160216;Civil society (sub-national or local);Awareness raising
11160216;Civil society (sub-national or local);Implementing
11160218;Academia;Assessing
11160220;Government (local);Assessing
11160220;Government (local);Planning
11160221;Academia;Assessing
11160226;Private sector (SME);Awareness raising
11160226;Private sector (SME);Coordinating interaction
11160226;Private sector (SME);Implementing
11160226;Private sector (SME);Monitoring and evaluating
11160226;Individuals or households;Implementing
11160226;Individuals or households;Awareness raising
11160228;Government (national);Implementing
11160228;Government (national);Coordinating interaction
11160228;Individuals or households;Implementing
11160238;Government (sub-national);Planning
11160238;Government (sub-national);Financing of measures
11160238;Individuals or households;Implementing
11160238;Individuals or households;Financing of measures
11160238;Individuals or households;Planning
11160239;Individuals or households;Planning
11160239;Individuals or households;Implementing
11160239;Government (national);Financing of measures
11160248;Individuals or households;Implementing
11160249;Individuals or households;Implementing
11160249;Individuals or households;Financing of measures
11160249;Civil society (international/multinational/national);Implementing
11160249;Civil society (international/multinational/national);Planning
11160252;Academia;Assessing
11160254;International or multinational governance institutions;Financing of measures
11160256;Government (sub-national);Planning
11160256;Government (sub-national);Implementing
11160256;Government (sub-national);Monitoring and evaluating
11160256;Government (sub-national);Coordinating interaction
11160256;Individuals or households;Implementing
11160257;Civil society (sub-national or local);Awareness raising
11160257;Civil society (sub-national or local);Planning
11160257;Civil society (sub-national or local);Financing of measures
11160257;Civil society (sub-national or local);Implementing
11160257;Individuals or households;Implementing
11160261;Civil society (international/multinational/national);Awareness raising
11160261;Civil society (international/multinational/national);Coordinating interaction
11160261;Government (local);Awareness raising
11160261;Government (local);Implementing
11160262;Academia;Awareness raising
11160262;Academia;Assessing
11160263;Government (sub-national);Planning
11160263;Government (sub-national);Assessing
11160263;Government (sub-national);Coordinating interaction
11160263;Government (local);Implementing
11160263;Government (local);Financing of measures
11160263;Government (local);Planning
11160264;Individuals or households;Implementing
11160264;International or multinational governance institutions;Assessing
11160264;International or multinational governance institutions;Planning
11160265;Government (sub-national);Planning
11160265;Government (sub-national);Assessing
11160265;Government (sub-national);Implementing
11160265;Government (sub-national);Monitoring and evaluating
11160265;Government (sub-national);Coordinating interaction
11160265;Government (local);Implementing
11160265;Government (local);Planning
11160265;Government (local);Financing of measures
11160265;Government (local);Monitoring and evaluating
11160265;Government (local);Coordinating interaction
11160265;Civil society (sub-national or local);Coordinating interaction
11160269;Government (national);Financing of measures
11160269;Individuals or households;Implementing
11160269;Government (local);Planning
11160269;Government (local);Assessing
11160270;Government (local);Assessing
11160270;Government (local);Planning
11160270;Government (local);Implementing
11160271;Civil society (sub-national or local);Implementing
11160275;Government (national);Planning
11160275;Government (national);Financing of measures
11160275;Government (national);Implementing
11160275;Government (sub-national);Implementing
11160275;Government (local);Implementing
11160275;Civil society (international/multinational/national);Implementing
11160275;Civil society (sub-national or local);Implementing
11160281;Government (local);Implementing
11160281;Government (local);Coordinating interaction
11160281;Individuals or households;Implementing
11160284;Private sector (SME);Implementing
11160284;Academia;Awareness raising
11160284;Academia;Assessing
11160287;Civil society (sub-national or local);Assessing
11160287;Civil society (sub-national or local);Awareness raising
11160288;Government (sub-national);Planning
11160288;Government (sub-national);Financing of measures
11160288;Government (sub-national);Coordinating interaction
11160288;Government (local);Planning
11160288;Government (local);Financing of measures
11160288;Government (local);Implementing
11160288;Government (local);Monitoring and evaluating
11160288;Government (local);Coordinating interaction
11160288;Individuals or households;Implementing
11160289;Government (local);Planning
11160289;Government (local);Financing of measures
11160289;Government (local);Implementing
11160289;Government (local);Monitoring and evaluating
11160289;Government (local);Coordinating interaction
11160289;Government (sub-national);Coordinating interaction
11160289;Government (sub-national);Assessing
11160289;Government (sub-national);Planning
11160289;Government (sub-national);Implementing
11160290;Government (local);Planning
11160290;Government (local);Implementing
11160290;Government (local);Coordinating interaction
11160290;Individuals or households;Implementing
11160293;Government (sub-national);Planning
11160293;Government (local);Planning
11160293;Government (local);Financing of measures
11160293;Government (local);Implementing
11160293;Civil society (sub-national or local);Awareness raising
11160293;Individuals or households;Implementing
11160297;Government (local);Implementing
11160297;Government (local);Planning
11160297;Government (local);Financing of measures
11160297;Civil society (international/multinational/national);Implementing
11160297;Civil society (international/multinational/national);Planning
11160297;Civil society (international/multinational/national);Financing of measures
11160299;Civil society (sub-national or local);Awareness raising
11160299;Civil society (sub-national or local);Implementing
11160299;Individuals or households;Awareness raising
11160299;Individuals or households;Implementing
11160299;Academia;Awareness raising
11160299;Academia;Implementing
11160300;Government (national);Assessing
11160300;Government (national);Planning
11160300;Government (national);Financing of measures
11160300;Government (local);Planning
11160300;Government (local);Implementing
11160300;Private sector (SME);Implementing
11160300;Individuals or households;Financing of measures
11160301;Individuals or households;Planning
11160301;Individuals or households;Implementing
11160301;International or multinational governance institutions;Financing of measures
11160302;International or multinational governance institutions;Planning
11160302;International or multinational governance institutions;Financing of measures
11160302;Private sector (SME);Assessing
11160303;Academia;Awareness raising
11160303;Academia;Assessing
11160308;Individuals or households;Implementing
11160315;Individuals or households;Implementing
11160316;Government (national);Awareness raising
11160316;Government (national);Coordinating interaction
11160316;Civil society (sub-national or local);Awareness raising
11160316;Civil society (sub-national or local);Coordinating interaction
11160319;Government (national);Planning
11160323;Private sector (SME);Implementing
11160325;Government (national);Financing of measures
11160325;Civil society (sub-national or local);Financing of measures
11160326;Government (sub-national);Awareness raising
11160326;Government (local);Awareness raising
11160326;Civil society (international/multinational/national);Coordinating interaction
11160326;Individuals or households;Implementing
11160326;Individuals or households;Coordinating interaction
11160327;Government (local);Assessing
11160327;Government (local);Planning
11160327;Government (national);Implementing
11160327;Government (national);Financing of measures
11160327;International or multinational governance institutions;Financing of measures
11160327;Civil society (sub-national or local);Assessing
11160328;Government (local);Implementing
11160328;Government (local);Financing of measures
11160328;Government (local);Awareness raising
11160328;Government (local);Planning
11160328;Government (local);Assessing
11160328;Individuals or households;Implementing
11160329;Government (sub-national);Awareness raising
11160329;Government (sub-national);Assessing
11160329;Government (sub-national);Coordinating interaction
11160329;Government (local);Awareness raising
11160329;Government (local);Assessing
11160329;Government (local);Coordinating interaction
11160330;Individuals or households;Implementing
11160330;Government (local);Implementing
11160332;Government (national);Awareness raising
11160332;Private sector (SME);Implementing
11160332;Private sector (SME);Financing of measures
11160332;Civil society (sub-national or local);Coordinating interaction
11160332;Civil society (sub-national or local);Implementing
11160332;Civil society (international/multinational/national);Awareness raising
11160332;Individuals or households;Awareness raising
11160335;Government (sub-national);Implementing
11160336;Government (national);Financing of measures
11160336;Private sector (SME);Financing of measures
11160336;Private sector (SME);Implementing
11160339;Individuals or households;Implementing
11160339;Academia;Coordinating interaction
11160340;Civil society (sub-national or local);Awareness raising
11160340;Civil society (sub-national or local);Financing of measures
11160340;Individuals or households;Implementing
11160343;Government (sub-national);Implementing
11160343;Government (sub-national);Financing of measures
11160345;Academia;Assessing
11160345;Private sector (corporations);Implementing
11160346;Government (national);Planning
11160346;Government (national);Awareness raising
11160346;Government (national);Implementing
11160353;Individuals or households;Implementing
11160354;Government (local);Planning
11160354;Government (local);Assessing
11160354;Government (local);Implementing
11160354;Government (local);Financing of measures
11160356;Civil society (sub-national or local);Awareness raising
11160356;Civil society (sub-national or local);Financing of measures
11160356;Government (local);Financing of measures
11160357;Civil society (sub-national or local);Financing of measures
11160357;Civil society (sub-national or local);Awareness raising
11160357;Individuals or households;Implementing
11160359;Private sector (SME);Financing of measures
11160359;Civil society (sub-national or local);Implementing
11160359;Individuals or households;Implementing
11160359;Government (national);Planning
11160360;Government (national);Financing of measures
11160360;Government (local);Financing of measures
11160365;Civil society (international/multinational/national);Awareness raising
11160365;Government (national);Financing of measures
11160365;Private sector (corporations);Planning
11160366;Government (local);Assessing
11160366;Government (local);Planning
11160366;Government (local);Awareness raising
11160366;Private sector (SME);Assessing
11160367;Government (national);Implementing
11160370;Individuals or households;Implementing
11160370;Government (sub-national);Implementing
11160370;Government (sub-national);Coordinating interaction
11160374;Individuals or households;Implementing
11160375;Civil society (sub-national or local);Implementing
11160375;Civil society (sub-national or local);Planning
11160375;Civil society (sub-national or local);Coordinating interaction
11160376;Government (sub-national);Implementing
11160376;Government (sub-national);Planning
11160376;Government (local);Implementing
11160376;Government (local);Planning
11160376;Private sector (corporations);Implementing
11160377;Individuals or households;Implementing
11160377;Private sector (corporations);Financing of measures
11160378;Civil society (sub-national or local);Coordinating interaction
11160379;Government (local);Planning
11160379;Government (local);Implementing
11160380;Government (national);Implementing
11160380;Government (national);Assessing
11160380;Government (national);Planning
11160383;Civil society (sub-national or local);Coordinating interaction
11160384;Private sector (corporations);Other
11160384;Civil society (sub-national or local);Other
11160384;Government (local);Implementing
11160385;Government (local);Planning
11160385;Government (local);Implementing
11160388;Government (national);Implementing
11160389;Civil society (international/multinational/national);Awareness raising
11160391;Academia;Monitoring and evaluating
11160392;Government (local);Coordinating interaction
11160392;Private sector (corporations);Awareness raising
11160392;Private sector (corporations);Financing of measures
11160392;Private sector (corporations);Implementing
11160392;Government (sub-national);Monitoring and evaluating
11160392;Government (sub-national);Financing of measures
11160393;Private sector (corporations);Financing of measures
11160393;Civil society (sub-national or local);Awareness raising
11160393;Civil society (sub-national or local);Coordinating interaction
11160394;Government (local);Planning
11160394;Government (local);Implementing
11160399;Individuals or households;Implementing
11160405;Private sector (corporations);Implementing
11160405;Civil society (international/multinational/national);Implementing
11160406;Private sector (SME);Implementing
11160408;Government (local);Financing of measures
11160408;Government (local);Planning
11160408;Government (local);Coordinating interaction
11160409;Civil society (international/multinational/national);Implementing
11160410;Private sector (SME);Awareness raising
11160410;Private sector (SME);Financing of measures
11160415;Government (national);Financing of measures
11160415;Civil society (international/multinational/national);Financing of measures
11160417;Government (national);Awareness raising
11160417;Government (national);Implementing
11160417;Government (national);Coordinating interaction
11160419;Individuals or households;Implementing
11160423;Government (sub-national);Implementing
11160423;Private sector (SME);Implementing
11160423;Individuals or households;Implementing
11160423;Individuals or households;Financing of measures
11160424;Government (local);Financing of measures
11160425;Other;Awareness raising
11160433;Civil society (sub-national or local);Awareness raising
11160433;Individuals or households;Implementing
11160436;Other;Awareness raising
11160438;Civil society (sub-national or local);Awareness raising
11160439;International or multinational governance institutions;Financing of measures
11160440;Private sector (SME);Financing of measures
11160440;Private sector (SME);Implementing
11160440;Government (local);Financing of measures
11160441;International or multinational governance institutions;Financing of measures
11160443;Civil society (sub-national or local);Implementing
11160443;Civil society (sub-national or local);Financing of measures
11160443;Individuals or households;Other
11160444;Civil society (international/multinational/national);Planning
11160444;Civil society (international/multinational/national);Financing of measures
11160444;Civil society (international/multinational/national);Coordinating interaction
11160444;Civil society (sub-national or local);Planning
11160444;Civil society (sub-national or local);Implementing
11160445;International or multinational governance institutions;Financing of measures
11160446;International or multinational governance institutions;Awareness raising
11160446;International or multinational governance institutions;Coordinating interaction
11160446;Individuals or households;Implementing
11160448;Government (national);Implementing
11160448;Private sector (SME);Implementing
11160450;Individuals or households;Implementing
11160451;Government (national);Assessing
11160451;Government (national);Planning
11160451;Government (national);Implementing
11160451;International or multinational governance institutions;Financing of measures
11160451;International or multinational governance institutions;Other
11160451;Civil society (international/multinational/national);Financing of measures
11160451;Civil society (international/multinational/national);Other
11160453;Government (national);Planning
11160453;Government (national);Implementing
11160454;Government (local);Implementing
11160454;Government (local);Planning
11160454;Government (local);Financing of measures
11160454;Civil society (sub-national or local);Implementing
11160454;Civil society (sub-national or local);Financing of measures
11160454;Individuals or households;Implementing
11160455;Government (national);Implementing
11160455;Government (national);Monitoring and evaluating
11160455;Private sector (corporations);Implementing
11160455;Private sector (corporations);Monitoring and evaluating
11160455;Private sector (corporations);Financing of measures
11160455;Government (sub-national);Monitoring and evaluating
11160455;Government (sub-national);Planning
11160458;Government (local);Planning
11160458;Government (local);Assessing
11160458;Government (local);Awareness raising
11160458;Government (local);Financing of measures
11160458;Government (local);Implementing
11160458;Government (national);Assessing
11160458;Government (national);Monitoring and evaluating
11160458;Government (sub-national);Assessing
11160458;Government (sub-national);Planning
11160458;International or multinational governance institutions;Financing of measures
11160461;Government (local);Assessing
11160461;Government (local);Planning
11160464;Government (sub-national);Coordinating interaction
11160464;Government (sub-national);Implementing
11160464;Government (sub-national);Planning
11160464;Government (local);Implementing
11160475;Government (national);Awareness raising
11160476;Government (local);Planning
11160476;Government (local);Implementing
11160476;Government (local);Monitoring and evaluating
11160477;Government (sub-national);Planning
11160478;Government (sub-national);Implementing
11160478;Government (sub-national);Planning
11160478;Government (sub-national);Coordinating interaction
11160479;Government (local);Planning
11160479;Government (local);Implementing
11160479;Government (local);Coordinating interaction
11160481;Government (local);Planning
11160484;Individuals or households;Financing of measures
11160484;Individuals or households;Implementing
11160485;Civil society (sub-national or local);Implementing
11160485;Civil society (sub-national or local);Financing of measures
11160489;Government (national);Financing of measures
11160490;Civil society (international/multinational/national);Implementing
11160490;Civil society (international/multinational/national);Financing of measures
11160490;Civil society (sub-national or local);Implementing
11160490;Civil society (sub-national or local);Coordinating interaction
11160490;Government (national);Financing of measures
11160490;Government (national);Implementing
11160490;Government (national);Coordinating interaction
11160490;International or multinational governance institutions;Implementing
11160490;International or multinational governance institutions;Coordinating interaction
11160490;International or multinational governance institutions;Awareness raising
11160490;Other;Awareness raising
11160491;Government (local);Awareness raising
11160491;Government (local);Assessing
11160491;Government (local);Planning
11160491;Government (local);Implementing
11160492;Academia;Assessing
11160492;Academia;Planning
11160493;Private sector (corporations);Financing of measures
11160495;Civil society (sub-national or local);Assessing
11160495;Civil society (sub-national or local);Financing of measures
11160496;Government (local);Awareness raising
11160496;Government (local);Financing of measures
11160496;Government (local);Planning
11160497;Government (local);Financing of measures
11160497;Government (local);Monitoring and evaluating
11160497;Government (local);Planning
11160497;Government (national);Awareness raising
11160504;Individuals or households;Implementing
11160506;Individuals or households;Implementing
11160516;Individuals or households;Implementing
11160516;Individuals or households;Financing of measures
11160516;Private sector (SME);Implementing
11160516;Private sector (SME);Financing of measures
11160516;Government (national);Awareness raising
11160516;Government (national);Implementing
11160518;Academia;Awareness raising
11160518;Academia;Coordinating interaction
11160518;International or multinational governance institutions;Financing of measures
11160518;International or multinational governance institutions;Awareness raising
11160518;Civil society (sub-national or local);Financing of measures
11160518;Civil society (sub-national or local);Coordinating interaction
11160521;Individuals or households;Implementing
11160521;Individuals or households;Coordinating interaction
11160522;Government (sub-national);Financing of measures
11160522;Government (national);Financing of measures
11160522;Government (local);Financing of measures
11160522;Government (sub-national);Planning
11160522;Government (national);Planning
11160522;Government (local);Planning
11160522;Government (sub-national);Implementing
11160522;Government (national);Implementing
11160522;Government (local);Implementing
11160523;International or multinational governance institutions;Assessing
11160523;International or multinational governance institutions;Financing of measures
11160523;Government (national);Awareness raising
11160523;Government (national);Assessing
11160523;Government (national);Planning
11160523;Government (national);Financing of measures
11160523;Government (national);Coordinating interaction
11160523;Government (local);Planning
11160523;Government (local);Implementing
11160523;Government (local);Coordinating interaction
11160523;Individuals or households;Implementing
11160525;Government (national);Monitoring and evaluating
11160527;Government (national);Implementing
11160528;Government (national);Financing of measures
11160528;Individuals or households;Implementing
11160528;Civil society (sub-national or local);Financing of measures
11160528;Civil society (sub-national or local);Planning
11160536;Academia;Assessing
11160537;Government (national);Assessing
11160537;Private sector (SME);Implementing
11160538;Individuals or households;Implementing
11160538;Civil society (sub-national or local);Implementing
11160539;Academia;Planning
11160540;Academia;Assessing
11160540;Government (local);Planning
11160540;Government (local);Awareness raising
11160540;Government (local);Assessing
11160544;Government (national);Monitoring and evaluating
11160544;Government (national);Coordinating interaction
11160544;Government (national);Implementing
11160544;Private sector (corporations);Financing of measures
11160544;Private sector (corporations);Implementing
11160546;Government (sub-national);Awareness raising
11160546;Government (sub-national);Assessing
11160546;Government (sub-national);Planning
11160550;Government (local);Implementing
11160551;Individuals or households;Implementing
11160552;International or multinational governance institutions;Implementing
11160552;Civil society (international/multinational/national);Implementing
11160552;Civil society (international/multinational/national);Financing of measures
11160552;Civil society (international/multinational/national);Coordinating interaction
11160552;Individuals or households;Financing of measures
11160552;Individuals or households;Implementing
11160552;Civil society (sub-national or local);Implementing
11160552;Civil society (sub-national or local);Coordinating interaction
11160553;Civil society (sub-national or local);Coordinating interaction
11160553;Civil society (sub-national or local);Implementing
11160553;Individuals or households;Implementing
11160555;Government (local);Financing of measures
11160555;Government (local);Coordinating interaction
11160555;Civil society (sub-national or local);Coordinating interaction
11160555;Private sector (SME);Financing of measures
11160555;Private sector (SME);Implementing
11160557;Individuals or households;Implementing
11160557;Civil society (sub-national or local);Awareness raising
11160557;Civil society (sub-national or local);Monitoring and evaluating
11160557;Civil society (sub-national or local);Coordinating interaction
11160558;Civil society (international/multinational/national);Awareness raising
11160558;Civil society (international/multinational/national);Coordinating interaction
11160558;Government (sub-national);Implementing
11160560;Individuals or households;Implementing
11160564;Academia;Awareness raising
11160564;Government (local);Awareness raising
11160564;Government (local);Assessing
11160564;Government (local);Financing of measures
11160564;Government (local);Implementing
11160564;Government (local);Coordinating interaction
11160565;Private sector (corporations);Financing of measures
11160565;Civil society (international/multinational/national);Financing of measures
11160565;Individuals or households;Implementing
11160566;Individuals or households;Implementing
11160568;Civil society (sub-national or local);Awareness raising
11160568;Civil society (sub-national or local);Financing of measures
11160568;Government (local);Planning
11160568;Government (local);Financing of measures
11160570;Individuals or households;Implementing
11160571;International or multinational governance institutions;Planning
11160571;International or multinational governance institutions;Financing of measures
11160571;International or multinational governance institutions;Implementing
11160571;Civil society (international/multinational/national);Planning
11160571;Civil society (international/multinational/national);Financing of measures
11160571;Civil society (international/multinational/national);Implementing
11160571;Civil society (sub-national or local);Implementing
11160571;Other;Financing of measures
11160574;Government (sub-national);Financing of measures
11160574;Government (sub-national);Other
11160580;Civil society (international/multinational/national);Implementing
11160580;Civil society (international/multinational/national);Coordinating interaction
11160580;Civil society (international/multinational/national);Planning
11160580;Civil society (sub-national or local);Coordinating interaction
11160580;Civil society (sub-national or local);Planning
11160580;Civil society (sub-national or local);Implementing
11160583;Government (national);Financing of measures
11160583;Government (national);Planning
11160583;Civil society (sub-national or local);Awareness raising
11160586;Civil society (sub-national or local);Implementing
11160586;Civil society (sub-national or local);Assessing
11160587;Individuals or households;Implementing
11160588;Government (national);Implementing
11160589;Government (sub-national);Planning
11160589;Civil society (sub-national or local);Planning
11160589;Civil society (sub-national or local);Financing of measures
11160591;Private sector (SME);Financing of measures
11160591;Individuals or households;Implementing
11160592;Individuals or households;Implementing
11160593;Civil society (international/multinational/national);Coordinating interaction
11160594;Individuals or households;Implementing
11160596;Academia;Awareness raising
11160596;Academia;Assessing
11160596;Academia;Monitoring and evaluating
11160597;Government (national);Awareness raising
11160597;Government (national);Planning
11160599;Government (local);Awareness raising
11160601;Civil society (sub-national or local);Assessing
11160601;Civil society (sub-national or local);Implementing
11160601;Civil society (sub-national or local);Coordinating interaction
11160601;Government (national);Planning
11160601;Government (national);Financing of measures
11160601;Government (local);Planning
11160601;Government (local);Financing of measures
11160602;Government (sub-national);Financing of measures
11160602;Government (national);Financing of measures
11160603;Individuals or households;Implementing
11160606;Government (national);Awareness raising
11160606;Government (national);Implementing
11160606;Government (national);Coordinating interaction
11160613;Civil society (international/multinational/national);Financing of measures
11160613;Civil society (international/multinational/national);Coordinating interaction
11160613;International or multinational governance institutions;Awareness raising
11160613;International or multinational governance institutions;Financing of measures
11160620;International or multinational governance institutions;Financing of measures
11160620;Individuals or households;Implementing
11160620;Individuals or households;Financing of measures
11160621;Government (local);Awareness raising
11160621;Civil society (international/multinational/national);Financing of measures
11160621;Civil society (sub-national or local);Financing of measures
11160624;Individuals or households;Implementing
11160624;Individuals or households;Planning
11160624;Individuals or households;Assessing
11160625;Individuals or households;Implementing
11160627;Government (national);Awareness raising
11160627;Government (national);Financing of measures
11160627;Government (national);Implementing
11160628;Civil society (sub-national or local);Planning
11160628;Civil society (sub-national or local);Implementing
11160629;Government (national);Implementing
11160629;Government (national);Financing of measures
11160630;Individuals or households;Implementing
11160630;Individuals or households;Financing of measures
11160631;Government (local);Coordinating interaction
11160631;Government (local);Assessing
11160631;Government (local);Planning
11160632;Civil society (sub-national or local);Implementing
11160632;Government (national);Financing of measures
11160633;Individuals or households;Implementing
11160633;Academia;Awareness raising
11160634;Civil society (sub-national or local);Planning
11160634;Individuals or households;Planning
11160634;International or multinational governance institutions;Awareness raising
11160634;International or multinational governance institutions;Other
11160635;Academia;Awareness raising
11160635;Academia;Assessing
11160635;Government (sub-national);Awareness raising
11160635;Government (sub-national);Financing of measures
11160635;Government (national);Financing of measures
11160635;Government (national);Coordinating interaction
11160635;Government (national);Implementing
11160635;Private sector (SME);Financing of measures
11160635;Other;Awareness raising
11160637;Civil society (international/multinational/national);Financing of measures
11160640;Individuals or households;Implementing
11160641;Government (sub-national);Assessing
11160641;Government (sub-national);Financing of measures
11160641;Government (sub-national);Implementing
11160641;Civil society (international/multinational/national);Implementing
11160641;Civil society (international/multinational/national);Financing of measures
11160643;Government (local);Other
11160643;Government (local);Awareness raising
11160645;Government (national);Implementing
11160645;Civil society (international/multinational/national);Implementing
11160646;Government (local);Implementing
11160646;Government (local);Monitoring and evaluating
11160646;Individuals or households;Implementing
11160650;Individuals or households;Implementing
11160650;Individuals or households;Planning
11160651;Government (national);Financing of measures
11160651;Government (national);Coordinating interaction
11160652;Other;Awareness raising
11160652;Individuals or households;Assessing
11160652;Individuals or households;Implementing
11160654;Government (national);Financing of measures
11160656;Other;Awareness raising
11160656;Other;Planning
11160656;Academia;Monitoring and evaluating
11160658;Government (sub-national);Awareness raising
11160658;Government (sub-national);Assessing
11160658;Government (sub-national);Planning
11160658;Government (sub-national);Monitoring and evaluating
11160658;Government (sub-national);Coordinating interaction
11160658;Government (local);Awareness raising
11160658;Government (local);Assessing
11160658;Government (local);Planning
11160658;Government (local);Financing of measures
11160658;Government (local);Implementing
11160658;Government (local);Monitoring and evaluating
11160658;Government (local);Coordinating interaction
11160658;Academia;Assessing
11160658;Academia;Monitoring and evaluating
11160659;Civil society (sub-national or local);Implementing
11160661;Government (sub-national);Awareness raising
11160661;Government (sub-national);Assessing
11160661;Government (sub-national);Planning
11160661;Government (sub-national);Financing of measures
11160661;Government (sub-national);Implementing
11160661;Government (sub-national);Monitoring and evaluating
11160661;Government (sub-national);Coordinating interaction
11160661;Government (local);Planning
11160661;Government (local);Implementing
11160661;Government (local);Monitoring and evaluating
11160661;Government (local);Awareness raising
11160662;Individuals or households;Implementing
11160666;Government (local);Assessing
11160666;Government (local);Planning
11160666;Academia;Monitoring and evaluating
11160667;Academia;Awareness raising
11160667;Academia;Assessing
11160669;Individuals or households;Awareness raising
11160669;Individuals or households;Monitoring and evaluating
11160670;Individuals or households;Implementing
11160670;Individuals or households;Coordinating interaction
11160672;Government (local);Assessing
11160672;Government (local);Planning
11160672;Government (local);Implementing
11160673;Government (sub-national);Financing of measures
11160675;Government (local);Planning
11160675;Government (local);Implementing
11160676;Academia;Monitoring and evaluating
11160679;Government (local);Financing of measures
11160680;Academia;Assessing
11160680;Academia;Planning
11160680;Academia;Implementing
11160681;Individuals or households;Assessing
11160681;Individuals or households;Implementing
11160683;Academia;Awareness raising
11160683;Academia;Assessing
11160683;Academia;Planning
11160684;Government (local);Awareness raising
11160684;Government (local);Assessing
11160685;Academia;Planning
11160685;Academia;Implementing
11160688;Government (sub-national);Assessing
11160688;Government (sub-national);Planning
11160688;Government (sub-national);Awareness raising
11160688;Government (sub-national);Financing of measures
11160688;Government (sub-national);Implementing
11160688;Government (sub-national);Coordinating interaction
11160688;Government (local);Planning
11160688;Government (local);Awareness raising
11160688;Government (local);Monitoring and evaluating
11160688;Government (local);Coordinating interaction
11160688;Academia;Awareness raising
11160688;Academia;Assessing
11160688;Individuals or households;Implementing
11160689;Government (national);Coordinating interaction
11160689;Government (local);Financing of measures
11160689;Civil society (sub-national or local);Awareness raising
11160695;Civil society (sub-national or local);Awareness raising
11160695;Civil society (sub-national or local);Implementing
11160695;Civil society (sub-national or local);Financing of measures
11160698;Government (national);Awareness raising
11160698;Civil society (sub-national or local);Awareness raising
11160698;Private sector (corporations);Awareness raising
11160700;Government (national);Financing of measures
11160700;Individuals or households;Implementing
11160701;Government (sub-national);Awareness raising
11160701;Government (sub-national);Assessing
11160701;Government (sub-national);Planning
11160701;Government (sub-national);Implementing
11160701;Government (sub-national);Coordinating interaction
11160701;Government (local);Awareness raising
11160701;Government (local);Assessing
11160701;Government (local);Planning
11160701;Government (local);Implementing
11160701;Government (local);Monitoring and evaluating
11160701;Government (local);Coordinating interaction
11160701;Individuals or households;Implementing
11160702;Individuals or households;Implementing
11160702;Individuals or households;Monitoring and evaluating
11160702;Individuals or households;Awareness raising
11160704;Civil society (sub-national or local);Awareness raising
11160707;Individuals or households;Implementing
11160707;Individuals or households;Coordinating interaction
11160712;Government (national);Awareness raising
11160712;Government (national);Planning
11160712;Government (national);Coordinating interaction
11160712;Civil society (international/multinational/national);Awareness raising
11160712;Civil society (international/multinational/national);Coordinating interaction
11160714;Government (national);Financing of measures
11160714;Civil society (international/multinational/national);Awareness raising
11160719;Academia;Implementing
11160719;Academia;Planning
11160721;Individuals or households;Awareness raising
11160721;Individuals or households;Planning
11160721;Civil society (international/multinational/national);Awareness raising
11160722;Government (local);Planning
11160722;Government (local);Implementing
11160722;Government (local);Awareness raising
11160724;Government (local);Planning
11160724;Government (local);Implementing
11160724;Government (local);Coordinating interaction
11160724;Individuals or households;Implementing
11160725;Government (local);Implementing
11160725;Government (local);Financing of measures
11160726;Civil society (sub-national or local);Planning
11160726;Civil society (sub-national or local);Coordinating interaction
11160726;Government (local);Planning
11160726;Private sector (SME);Planning
11160726;Individuals or households;Planning
11160727;Government (sub-national);Planning
11160727;Other;Coordinating interaction
11160728;Private sector (corporations);Implementing
11160734;Government (national);Financing of measures
11160734;Private sector (SME);Financing of measures
11160736;Academia;Assessing
11160736;Private sector (SME);Assessing
11160741;Government (national);Implementing
11160741;Government (national);Financing of measures
11160744;International or multinational governance institutions;Awareness raising
11160744;International or multinational governance institutions;Assessing
11160748;Government (local);Planning
11160748;Government (local);Assessing
11160748;Government (local);Financing of measures
11160749;Government (national);Financing of measures
11160750;Government (national);Planning
11160750;Government (national);Financing of measures
11160750;Individuals or households;Coordinating interaction
11160750;Individuals or households;Implementing
11160750;Individuals or households;Planning
11160750;Civil society (sub-national or local);Planning
11160750;Civil society (sub-national or local);Implementing
11160751;Government (local);Planning
11160751;Government (local);Implementing
11160754;Private sector (SME);Implementing
11160754;Other;Implementing
11160762;Private sector (SME);Implementing
11160762;Private sector (SME);Financing of measures
11160762;Individuals or households;Implementing
11160762;Individuals or households;Financing of measures
11160762;Government (national);Monitoring and evaluating
11160762;Government (national);Financing of measures
11160762;Civil society (sub-national or local);Monitoring and evaluating
11160767;Academia;Planning
11160767;Academia;Coordinating interaction
11160767;Academia;Implementing
11160767;Academia;Monitoring and evaluating
11160767;Individuals or households;Implementing
11160769;Individuals or households;Implementing
11160769;Government (sub-national);Planning
11160769;Government (sub-national);Implementing
11160769;Government (local);Implementing
11160769;Other;Financing of measures
11160770;International or multinational governance institutions;Awareness raising
11160770;International or multinational governance institutions;Assessing
11160770;Government (national);Awareness raising
11160770;Government (national);Assessing
11160770;Government (national);Planning
11160770;Civil society (international/multinational/national);Awareness raising
11160770;Civil society (sub-national or local);Awareness raising
11160770;Civil society (sub-national or local);Implementing
11160776;Academia;Monitoring and evaluating
11160776;Academia;Assessing
11160776;Individuals or households;Implementing
11160776;Government (national);Planning
11160776;Government (national);Coordinating interaction
11160777;Civil society (international/multinational/national);Implementing
11160777;Private sector (SME);Implementing
11160777;Private sector (SME);Financing of measures
11160777;Individuals or households;Implementing
11160777;Government (sub-national);Implementing
11160777;Government (sub-national);Financing of measures
11160777;Government (national);Implementing
11160777;International or multinational governance institutions;Implementing
11160778;Academia;Monitoring and evaluating
11160778;Academia;Assessing
11160779;Government (local);Coordinating interaction
11160779;Government (national);Awareness raising
11160780;Civil society (sub-national or local);Financing of measures
11160780;Private sector (corporations);Financing of measures
11160782;Civil society (international/multinational/national);Implementing
11160782;Private sector (SME);Implementing
11160783;Academia;Planning
11160784;Other;Awareness raising
11160785;Private sector (SME);Planning
11160785;Private sector (SME);Implementing
11160785;Individuals or households;Implementing
11160788;Government (national);Awareness raising
11160789;Government (national);Monitoring and evaluating
11160789;Government (national);Financing of measures
11160789;Government (national);Planning
11160789;Government (national);Coordinating interaction
11160789;Private sector (SME);Financing of measures
11160789;Civil society (sub-national or local);Financing of measures
11160789;Civil society (sub-national or local);Coordinating interaction
11160790;Government (national);Awareness raising
11160790;Government (local);Implementing
11160794;Individuals or households;Awareness raising
11160794;Individuals or households;Implementing
11160794;Civil society (sub-national or local);Planning
11160794;Civil society (sub-national or local);Financing of measures
11160794;Government (national);Financing of measures
11160797;Individuals or households;Implementing
11160797;Civil society (international/multinational/national);Awareness raising
11160797;Civil society (international/multinational/national);Financing of measures
11160797;Civil society (international/multinational/national);Implementing
11160799;Civil society (sub-national or local);Implementing
11160799;Civil society (sub-national or local);Financing of measures
11160799;Civil society (sub-national or local);Monitoring and evaluating
11160799;Individuals or households;Implementing
11160799;Individuals or households;Financing of measures
11160799;Individuals or households;Monitoring and evaluating
11160800;Individuals or households;Implementing
11160802;Government (national);Implementing
11160802;Government (national);Financing of measures
11160802;Civil society (sub-national or local);Implementing
11160802;Government (sub-national);Financing of measures
11160804;International or multinational governance institutions;Financing of measures
11160809;Private sector (SME);Implementing
11160809;Individuals or households;Implementing
11160809;Government (sub-national);Implementing
11160809;Government (sub-national);Monitoring and evaluating
11160814;Civil society (sub-national or local);Coordinating interaction
11160814;Civil society (sub-national or local);Awareness raising
11160819;Individuals or households;Implementing
11160825;Government (national);Financing of measures
11160825;Civil society (international/multinational/national);Awareness raising
11160825;Civil society (international/multinational/national);Financing of measures
11160826;Civil society (sub-national or local);Implementing
11160826;Civil society (international/multinational/national);Implementing
11160826;Civil society (international/multinational/national);Coordinating interaction
11160827;Academia;Assessing
11160829;Individuals or households;Implementing
11160830;Individuals or households;Implementing
11160830;Individuals or households;Financing of measures
11160830;Academia;Assessing
11160831;Civil society (sub-national or local);Financing of measures
11160831;Civil society (sub-national or local);Coordinating interaction
11160831;Civil society (sub-national or local);Planning
11160831;Civil society (sub-national or local);Assessing
11160831;Government (sub-national);Financing of measures
11160832;Civil society (sub-national or local);Awareness raising
11160832;Civil society (sub-national or local);Implementing
11160832;Civil society (sub-national or local);Financing of measures
11160832;Government (sub-national);Awareness raising
11160832;Government (sub-national);Financing of measures
11160833;Government (local);Planning
11160833;Government (local);Implementing
11160833;Government (local);Awareness raising
11160833;Government (local);Coordinating interaction
11160833;Government (local);Monitoring and evaluating
11160833;Civil society (sub-national or local);Coordinating interaction
11160833;Civil society (sub-national or local);Implementing
11160833;Civil society (sub-national or local);Planning
11160834;Government (local);Implementing
11160834;Government (sub-national);Coordinating interaction
11160838;Government (sub-national);Implementing
11160839;Government (national);Financing of measures
11160839;Government (national);Planning
11160839;Government (national);Assessing
11160840;International or multinational governance institutions;Financing of measures
11160840;Civil society (international/multinational/national);Financing of measures
11160840;Government (national);Implementing
11160844;Other;Implementing
11160846;Civil society (sub-national or local);Assessing
11160846;Civil society (sub-national or local);Planning
11160846;Civil society (sub-national or local);Coordinating interaction
11160846;Individuals or households;Implementing
11160848;Government (national);Financing of measures
11160848;Government (sub-national);Financing of measures
11160852;Government (national);Coordinating interaction
11160852;Individuals or households;Implementing
11160852;Government (local);Coordinating interaction
11160854;Individuals or households;Implementing
11160855;Civil society (international/multinational/national);Financing of measures
11160855;Individuals or households;Implementing
11160855;Government (national);Awareness raising
11160855;Government (national);Implementing
11160855;Government (local);Financing of measures
11160857;Government (sub-national);Implementing
11160859;Civil society (sub-national or local);Awareness raising
11160859;Civil society (sub-national or local);Implementing
11160859;Individuals or households;Implementing
11160859;Private sector (corporations);Implementing
11160862;Individuals or households;Implementing
11160863;Government (sub-national);Awareness raising
11160863;Government (sub-national);Implementing
11160864;Government (sub-national);Awareness raising
11160864;Individuals or households;Implementing
11160870;Civil society (sub-national or local);Planning
11160870;Civil society (sub-national or local);Financing of measures
11160870;Civil society (sub-national or local);Monitoring and evaluating
11160870;Individuals or households;Implementing
11160870;Individuals or households;Financing of measures
11160870;Government (national);Financing of measures
11160871;Civil society (sub-national or local);Monitoring and evaluating
11160871;Civil society (sub-national or local);Implementing
11160873;Government (national);Assessing
11160875;Civil society (sub-national or local);Awareness raising
11160875;Civil society (sub-national or local);Financing of measures
11160875;Civil society (sub-national or local);Coordinating interaction
11160875;Civil society (sub-national or local);Implementing
11160875;Government (national);Financing of measures
11160875;Government (local);Financing of measures
11160876;Government (local);Implementing
11160876;Government (local);Assessing
11160876;Government (local);Coordinating interaction
11160876;Government (local);Financing of measures
11160876;Academia;Monitoring and evaluating
11160876;Academia;Coordinating interaction
11160876;Government (national);Other
11160879;Individuals or households;Implementing
11160881;Government (national);Planning
11160881;Government (national);Financing of measures
11160881;Government (national);Implementing
11160881;Government (national);Awareness raising
11160887;Civil society (sub-national or local);Implementing
11160887;Government (local);Implementing
11160887;Government (national);Assessing
11160887;Government (national);Planning
11160887;Government (national);Implementing
11160887;Academia;Implementing
11160889;Other;Assessing
11160889;Other;Planning
11160889;Other;Implementing
11160889;Academia;Monitoring and evaluating
11160889;International or multinational governance institutions;Financing of measures
11160891;Academia;Awareness raising
11160891;Academia;Implementing
11160893;Individuals or households;Implementing
11160894;Government (national);Awareness raising
11160894;Government (national);Planning
11160894;Government (national);Implementing
11160896;Individuals or households;Implementing
11160897;Civil society (sub-national or local);Implementing
11160898;Government (local);Planning
11160898;Government (local);Awareness raising
11160898;Government (local);Implementing
11160898;Government (local);Coordinating interaction
11160898;Individuals or households;Implementing
11160898;Civil society (sub-national or local);Planning
11160898;Civil society (sub-national or local);Financing of measures
11160898;Civil society (sub-national or local);Implementing
11160898;Civil society (sub-national or local);Coordinating interaction
11160899;International or multinational governance institutions;Financing of measures
11160899;Government (national);Financing of measures
11160899;Government (national);Planning
11160899;Government (local);Planning
11160899;Government (local);Implementing
11160899;Individuals or households;Awareness raising
11160899;Individuals or households;Implementing
11160899;Individuals or households;Monitoring and evaluating
11160899;Individuals or households;Coordinating interaction
11160899;Government (sub-national);Coordinating interaction
11160900;Civil society (sub-national or local);Awareness raising
11160900;Civil society (sub-national or local);Coordinating interaction
11160900;Government (sub-national);Awareness raising
11160900;Government (local);Awareness raising
11160901;Academia;Assessing
11160901;Academia;Planning
11160902;Government (national);Planning
11160902;Government (national);Implementing
11160902;Civil society (sub-national or local);Implementing
11160902;Civil society (sub-national or local);Monitoring and evaluating
11160903;Government (local);Planning
11160903;Government (local);Implementing
11160903;Government (local);Awareness raising
11160903;Government (local);Coordinating interaction
11160903;Government (local);Financing of measures
11160903;Government (local);Assessing
11160903;International or multinational governance institutions;Awareness raising
11160903;International or multinational governance institutions;Planning
11160908;Other;Implementing
11160909;Private sector (SME);Other
11160912;Government (sub-national);Implementing
11160912;Civil society (sub-national or local);Coordinating interaction
11160912;Civil society (sub-national or local);Implementing
11160913;Civil society (sub-national or local);Implementing
11160917;Academia;Monitoring and evaluating
11160917;Civil society (sub-national or local);Implementing
11160917;Government (sub-national);Planning
11160917;Government (sub-national);Implementing
11160919;Private sector (SME);Awareness raising
11160919;Private sector (SME);Assessing
11160920;Government (national);Planning
11160922;Academia;Awareness raising
11160922;Academia;Assessing
11160922;Civil society (sub-national or local);Awareness raising
11160922;Civil society (sub-national or local);Implementing
11160922;Other;Awareness raising
11160922;Individuals or households;Implementing
11160922;Private sector (corporations);Financing of measures
11160926;Government (local);Financing of measures
11160927;Government (sub-national);Implementing
11160927;Government (sub-national);Financing of measures
11160927;Individuals or households;Implementing
11160930;Government (sub-national);Assessing
11160930;Government (sub-national);Planning
11160930;Government (sub-national);Implementing
11160930;Government (sub-national);Awareness raising
11160930;Government (sub-national);Coordinating interaction
11160930;Individuals or households;Implementing
11160930;Government (local);Planning
11160933;Government (national);Implementing
11160933;International or multinational governance institutions;Financing of measures
11160937;Civil society (sub-national or local);Implementing
11160937;Civil society (sub-national or local);Financing of measures
11160940;Government (local);Implementing
11160947;Individuals or households;Implementing
11160948;Government (national);Financing of measures
11160948;Government (national);Planning
11160948;Government (national);Implementing
11160955;Civil society (sub-national or local);Implementing
11160955;Civil society (sub-national or local);Coordinating interaction
11160957;Government (national);Financing of measures
11160959;Other;Implementing
11160959;Other;Planning
11160961;Private sector (SME);Planning
11160961;Private sector (SME);Implementing
11160961;Civil society (sub-national or local);Coordinating interaction
11160962;Individuals or households;Implementing
11160964;Individuals or households;Implementing
11160965;Academia;Awareness raising
11160966;Government (local);Financing of measures
11160969;Individuals or households;Implementing
11160971;Government (sub-national);Implementing
11160973;Government (national);Implementing
11160973;Government (national);Awareness raising
11160973;Government (national);Financing of measures
11160974;Government (sub-national);Awareness raising
11160974;Government (sub-national);Implementing
11160977;Government (national);Implementing
11160979;Private sector (SME);Financing of measures
11160979;Private sector (SME);Implementing
11160979;Private sector (SME);Awareness raising
11160982;International or multinational governance institutions;Financing of measures
11160982;Civil society (sub-national or local);Implementing
11160982;Government (national);Financing of measures
11160984;Civil society (sub-national or local);Awareness raising
11160991;Government (sub-national);Financing of measures
11160992;Individuals or households;Implementing
11160994;Other;Awareness raising
11160997;Government (national);Implementing
11160998;Government (sub-national);Financing of measures
11160998;Government (sub-national);Implementing
11160999;Individuals or households;Implementing
11161000;Government (sub-national);Implementing
11161000;Government (sub-national);Assessing
11161000;Government (local);Implementing
11161000;Government (local);Coordinating interaction
11161001;Academia;Awareness raising
11161002;Government (national);Implementing
11161002;Government (national);Financing of measures
11161002;Government (national);Awareness raising
11161002;Government (local);Assessing
11161002;Government (local);Implementing
11161002;International or multinational governance institutions;Financing of measures
11161002;International or multinational governance institutions;Awareness raising
11161003;Academia;Implementing
11161003;Academia;Coordinating interaction
11161003;Government (local);Implementing
11161003;International or multinational governance institutions;Implementing
11161003;Civil society (sub-national or local);Implementing
11161003;Civil society (international/multinational/national);Implementing
11161003;Civil society (international/multinational/national);Coordinating interaction
11161004;Civil society (international/multinational/national);Financing of measures
11161004;Civil society (sub-national or local);Implementing
11161005;Academia;Assessing
11161005;Academia;Planning
11161006;Government (national);Implementing
11161006;Government (national);Financing of measures
11161006;Civil society (sub-national or local);Implementing
11161007;Government (national);Financing of measures
11161007;Government (national);Other
11161007;Government (national);Planning
11161007;Private sector (corporations);Assessing
11161007;Private sector (corporations);Implementing
11161007;Government (local);Planning
11161010;Government (sub-national);Awareness raising
11161010;Government (sub-national);Planning
11161010;Government (sub-national);Implementing
11161010;Government (sub-national);Assessing
11161010;Government (local);Planning
11161010;Government (local);Implementing
11161010;Government (local);Awareness raising
11161010;Government (local);Financing of measures
11161010;Government (local);Assessing
11161010;Government (local);Monitoring and evaluating
11161011;Government (local);Monitoring and evaluating
11161012;Civil society (sub-national or local);Awareness raising
11161012;Academia;Planning
11161017;Civil society (international/multinational/national);Planning
11161017;Civil society (international/multinational/national);Coordinating interaction
11161017;Civil society (international/multinational/national);Awareness raising
11161017;Individuals or households;Implementing
11161018;Government (national);Financing of measures
11161022;Government (national);Implementing
11161022;Civil society (international/multinational/national);Implementing
11161022;Government (local);Assessing
11161024;Government (national);Planning
11161025;International or multinational governance institutions;Awareness raising
11161025;Government (national);Planning
11161025;Government (national);Coordinating interaction
11161031;Academia;Planning
11161033;Individuals or households;Awareness raising
11161033;Government (sub-national);Implementing
11161035;Individuals or households;Other
11161036;Individuals or households;Assessing
11161036;Individuals or households;Planning
11161036;Individuals or households;Implementing
11161036;Individuals or households;Coordinating interaction
11161037;Government (national);Awareness raising
11161037;Government (national);Assessing
11161037;Government (national);Implementing
11161038;Civil society (sub-national or local);Implementing
11161038;International or multinational governance institutions;Implementing
11161038;Government (sub-national);Implementing
11161038;Civil society (international/multinational/national);Implementing
11161039;Government (local);Implementing
11161039;Individuals or households;Implementing
11161043;Other;Awareness raising
11161052;Government (local);Implementing
11161052;Private sector (SME);Implementing
11161052;Private sector (SME);Financing of measures
11161053;Academia;Monitoring and evaluating
11161053;Individuals or households;Implementing
11161054;Government (sub-national);Implementing
11161054;Government (sub-national);Financing of measures
11161062;Government (local);Awareness raising
11161062;Government (local);Financing of measures
11161062;Government (local);Implementing
11161062;Government (local);Planning
11161064;Academia;Monitoring and evaluating
11161065;Civil society (sub-national or local);Coordinating interaction
11161065;Civil society (sub-national or local);Awareness raising
11161066;Government (national);Planning
11161066;Government (national);Financing of measures
11161066;Government (sub-national);Planning
11161066;Government (sub-national);Financing of measures
11161066;Government (sub-national);Awareness raising
11161066;International or multinational governance institutions;Awareness raising
11161066;International or multinational governance institutions;Financing of measures
11161068;International or multinational governance institutions;Financing of measures
11161071;Government (local);Awareness raising
11161073;Government (local);Awareness raising
11161073;Government (local);Assessing
11161073;Government (local);Planning
11161073;Government (local);Financing of measures
11161073;Government (local);Implementing
11161073;Government (local);Coordinating interaction
11161073;Academia;Awareness raising
11161073;Academia;Assessing
11161073;Individuals or households;Implementing
11161075;Individuals or households;Implementing
11161075;Government (national);Monitoring and evaluating
11161075;International or multinational governance institutions;Awareness raising
11161075;International or multinational governance institutions;Monitoring and evaluating
11161080;International or multinational governance institutions;Implementing
11161080;Government (national);Awareness raising
11161080;Government (national);Implementing
11161080;Private sector (corporations);Implementing
11161080;Civil society (sub-national or local);Awareness raising
11161080;Civil society (sub-national or local);Implementing
11161083;Civil society (sub-national or local);Awareness raising
11161083;Civil society (sub-national or local);Planning
11161085;Government (local);Financing of measures
11161085;Government (local);Implementing
11161090;Private sector (corporations);Awareness raising
11161090;Civil society (sub-national or local);Awareness raising
11161090;Civil society (sub-national or local);Coordinating interaction
11161090;Other;Awareness raising
11161090;Individuals or households;Implementing
11161090;Individuals or households;Financing of measures
11161093;Government (national);Assessing
11161093;Government (national);Planning
11161096;Government (national);Financing of measures
11161096;Government (national);Implementing
11161097;Individuals or households;Implementing
11161097;Individuals or households;Planning
11161097;Government (local);Financing of measures
11161097;Government (local);Coordinating interaction
11161098;Individuals or households;Financing of measures
11161098;Individuals or households;Implementing
11161098;Private sector (SME);Financing of measures
11161098;Private sector (SME);Implementing
11161100;Civil society (sub-national or local);Awareness raising
11161100;Civil society (sub-national or local);Planning
11161105;Individuals or households;Implementing
11161110;Civil society (sub-national or local);Implementing
11161110;Government (sub-national);Planning
11161112;Government (sub-national);Planning
11161112;Government (national);Planning
11161113;International or multinational governance institutions;Financing of measures
11161120;Civil society (sub-national or local);Implementing
11161124;Government (sub-national);Implementing
11161124;Government (sub-national);Planning
11161125;Academia;Monitoring and evaluating
11161126;Government (local);Awareness raising
11161128;Government (national);Financing of measures
11161130;Civil society (sub-national or local);Implementing
11161131;Civil society (sub-national or local);Coordinating interaction
11161131;Civil society (sub-national or local);Financing of measures
11161131;Civil society (sub-national or local);Planning
11161131;Government (sub-national);Coordinating interaction
11161131;Government (national);Financing of measures
11161132;Government (national);Financing of measures
11161133;Civil society (sub-national or local);Awareness raising
11161133;Civil society (sub-national or local);Financing of measures
11161133;Individuals or households;Implementing
11161133;Individuals or households;Coordinating interaction
11161133;Government (local);Planning
11161133;Academia;Awareness raising
11161133;Academia;Assessing
11161133;International or multinational governance institutions;Financing of measures
11161134;Private sector (SME);Implementing
11161134;Private sector (SME);Monitoring and evaluating
11161134;Private sector (SME);Awareness raising
11161134;Private sector (SME);Financing of measures
11161135;Government (national);Financing of measures
11161136;Academia;Monitoring and evaluating
11161140;Academia;Planning
11161142;Civil society (international/multinational/national);Awareness raising
11161142;Civil society (international/multinational/national);Coordinating interaction
11161142;Government (local);Awareness raising
11161142;Government (local);Financing of measures
11161144;Individuals or households;Implementing
11161147;Academia;Assessing
11161147;Academia;Monitoring and evaluating
11161149;Government (local);Coordinating interaction
11161149;Government (local);Monitoring and evaluating
11161149;Individuals or households;Awareness raising
11161149;Individuals or households;Implementing
11161150;Individuals or households;Implementing
11161150;Individuals or households;Coordinating interaction
11161151;Government (local);Implementing
11161151;Government (local);Planning
11161153;Government (sub-national);Planning
11161153;Government (sub-national);Assessing
11161153;Government (local);Planning
11161153;Government (local);Monitoring and evaluating
11161153;Government (local);Implementing
11161153;Government (local);Assessing
11161153;Civil society (international/multinational/national);Financing of measures
11161154;Government (local);Implementing
11161154;Government (local);Planning
11161154;Government (sub-national);Implementing
11161154;Government (sub-national);Planning
11161155;Government (sub-national);Implementing
11161155;Government (sub-national);Monitoring and evaluating
11161155;Government (sub-national);Financing of measures
11161155;Civil society (sub-national or local);Implementing
11161157;Government (national);Implementing
11161157;Civil society (international/multinational/national);Financing of measures
11161157;Civil society (international/multinational/national);Other
11161159;Government (local);Planning
11161159;Government (local);Implementing
11161162;Individuals or households;Implementing
11161165;Individuals or households;Implementing
11161166;Academia;Monitoring and evaluating
11161167;Government (local);Financing of measures
11161169;International or multinational governance institutions;Financing of measures
11161174;Government (national);Implementing
11161178;Government (local);Awareness raising
11161178;Government (local);Implementing
11161178;Government (local);Planning
11161178;Civil society (sub-national or local);Awareness raising
11161178;Civil society (sub-national or local);Implementing
11161178;Civil society (sub-national or local);Planning
11161179;Academia;Assessing
11161181;Government (national);Assessing
11161182;Government (local);Implementing
11161182;Individuals or households;Implementing
11161182;Individuals or households;Coordinating interaction
11161189;Civil society (international/multinational/national);Awareness raising
11161189;Civil society (international/multinational/national);Financing of measures
11161189;Civil society (international/multinational/national);Implementing
11161189;Civil society (sub-national or local);Coordinating interaction
11161189;Individuals or households;Implementing
11161190;Government (local);Financing of measures
11161190;Government (local);Implementing
11161191;Civil society (sub-national or local);Planning
11161192;Individuals or households;Implementing
11161192;Government (local);Planning
11161192;Government (local);Assessing
11161192;Government (local);Financing of measures
11161192;Government (national);Planning
11161192;Government (sub-national);Planning
11161192;Government (sub-national);Monitoring and evaluating
11161193;Government (local);Implementing
11161193;Government (local);Awareness raising
11161193;Government (local);Financing of measures
11161193;Civil society (international/multinational/national);Assessing
11161193;Civil society (international/multinational/national);Awareness raising
11161195;Academia;Assessing
11161195;Academia;Monitoring and evaluating
11161198;Government (local);Implementing
11161198;Government (local);Planning
11161198;Government (local);Coordinating interaction
11161198;Government (local);Financing of measures
11161198;Academia;Assessing
11161198;Academia;Awareness raising
11161199;Government (local);Planning
11161199;Government (local);Implementing
11161199;Government (sub-national);Planning
11161199;Government (sub-national);Implementing
11161200;Government (local);Assessing
11161200;Government (local);Planning
11161200;Government (local);Financing of measures
11161200;Government (local);Implementing
11161201;Private sector (corporations);Planning
11161201;Private sector (corporations);Implementing
11161205;Government (local);Planning
11161205;Government (local);Financing of measures
11161205;Government (local);Monitoring and evaluating
11161205;Government (local);Awareness raising
11161206;Government (national);Financing of measures
11161206;Government (national);Planning
11161206;Government (national);Coordinating interaction
11161206;Government (local);Planning
11161206;Government (local);Coordinating interaction
11161206;Private sector (corporations);Awareness raising
11161206;Private sector (corporations);Assessing
11161206;Private sector (corporations);Planning
11161206;Private sector (corporations);Implementing
11161206;Private sector (corporations);Monitoring and evaluating
11161206;Civil society (international/multinational/national);Awareness raising
11161206;Civil society (international/multinational/national);Assessing
11161206;Civil society (international/multinational/national);Planning
11161206;Civil society (international/multinational/national);Implementing
11161206;Civil society (international/multinational/national);Monitoring and evaluating
11161208;Government (local);Assessing
11161208;Government (local);Planning
11161208;Government (local);Implementing
11161209;Individuals or households;Implementing
11161211;Civil society (sub-national or local);Implementing
11161212;Government (national);Planning
11161212;Government (national);Implementing
11161212;Government (national);Financing of measures
11161217;Government (local);Monitoring and evaluating
11161217;Government (local);Coordinating interaction
11161218;Private sector (SME);Implementing
11161222;Civil society (sub-national or local);Awareness raising
11161222;Individuals or households;Implementing
11161225;Academia;Assessing
11161230;Individuals or households;Implementing
11161230;Private sector (SME);Awareness raising
11161230;Private sector (SME);Financing of measures
11161230;Private sector (SME);Planning
11161230;Private sector (SME);Assessing
11161230;Academia;Assessing
11161230;Academia;Awareness raising
11161230;Academia;Planning
11161234;Individuals or households;Planning
11161234;Individuals or households;Implementing
11161234;Other;Planning
11161234;Other;Implementing
11161237;Government (sub-national);Financing of measures
11161237;Government (sub-national);Implementing
11161237;Government (sub-national);Planning
11161237;Government (sub-national);Assessing
11161237;Government (sub-national);Monitoring and evaluating
11161248;Academia;Planning
